<?xml version="1.0" encoding="UTF-8"?>
<Configuration status="WARN">
  <Appenders>
    <Console name="Console" target="SYSTEM_OUT">
      <PatternLayout pattern="%level %d{HH:mm:ss.SSS} - %msg%n"/>
    </Console>
  </Appenders>
  <Loggers>
    <Logger name="br.com.caelum.camel" level="debug">
      <AppenderRef ref="Console"/>
    </Logger>
    <Logger name="org.apache.camel" level="error">
      <AppenderRef ref="Console"/>
    </Logger>
    <Logger name="net.sf.json" level="error">
      <AppenderRef ref="Console"/>
    </Logger>
    <Root level="info">
      <AppenderRef ref="Console"/>
    </Root>
  </Loggers>
</Configuration>